من آن را یک دیت بد می نامم.,من آن را یک دیت بد می دانم زیرا دختره با پیشخدمت به بی ادبی رفتار می کرد.,n
می خواهم ذهن آنها را به کار بیندازید.,من می خواهم که شما یک آزمایش انجام دهید که برای آنها مهیج باشد.,n
در این بازار انواع لوازم خانگی، پخت و پز، و انواع دکان‌های: خرازی، بزازی، عطاری، قنادی، و نانوایی وجود دارد.,بازار مساح، بازاری تاریخی و از اولین بازار های مدرن کشور است.,n
با توجه به اینکه این توجیهات دیگر با هم همپوشانی دارند و ممکن است همه آنها به عنوان نقطه شروع اصلی واجد شرایط نباشند ، شایسته است آنها را ذکر کنیم.,این توجیهات ، نقطه شروع نیستند ، زیرا بیش از حد جزیی هستند.,n
نام ماهی ساردین برگرفته از جزیره ساردنی ایتالیا است زیرا زمانی این نوع ماهی در آب‌های آن به وفور یافت می‌شد.,ماهی ساردین در تمام اقیانوس های جهان به وفور یافت می شود.,n
وی پس از قتل شمس الدین علی، به رهبری دولت سربداران برگزیده شد و فرماندهی سپاه را به حیدر قصاب داد.,حیدر قصاب فردی دیندار، پرهیزکار، شجاع، عادل و از نزدیکان امیرمسعود بود که اصلش از روستای کرابِ بیهق بود.,n
تاریخ از قانون طبعیت نمی کند.,اگر درباره  گذشته و آینده صحبت می کنیم، قوانین ضعیف هستند.,n
خان قاجار برای سرکوب آنان عازم قفقاز شد اما هنوز به آنجا نرسیده بود که در ۱۹ آبان ماه سال ۱۱۷۵ ، کاترین دوم تزار مقتدر روسیه درگذشت.,خان قاجار در حال کشورگشایی بود.,n
بعضی اوقات چنین بودجه ای برای آموزش مجدد IT به پرسنل غیر فنی موجود  تخصیص داده میشود.,بعضی اوقات بودجه به آموزش مجدد پرسنل غیر فنی موجود اختصاص می یابد تا آنها بتوانند نحوه برنامه نویسی با رایانه های خود را یاد بگیرند.,n
تئودمیر پس از مرگ فرمانروای پیش از خود ویدمیر، سه امپراتوری گوتی پانونیا را به زیر فرمان خود درآورد و به‌طور مشترک با برادرانش، والامیر و ویدمیر بر آنها حکومت نمود.,فرمانروایی او زیاد به طول نینجامید و او گرفتار خشم و غضب مردم شد. ,n
در جنگ اول یهودیان، هزاران نفر از یهودیان در اینجا قتل عام شدند و هزاران نفر دیگر بعداً در آمفی تئاتر رومی برای سرگرمی جان سپردند.,این آمفی تئاتر قبل از اینکه سال گذشته توسط باستان شناسان کشف شود ، زیر بسیاری از ماسه های بیابانی دفن شده بود.,n
جان پرسید: استارک کیست؟,جان پرسید که استارک کیست و برای امرار معاش چه کاری انجام می داده است.,n
بله ، در همین زمان، برگها در همه جا درحال ریزش بودند و ما حقیقتا به مدت دو هفته در حالت اضطراری قرار داشتیم,برگهایی که ریخته اند در معابر پخش شده اند و رفت و آمد را با مشکل مواجه کرده اند.,n
سازمان مسکن گزارش می دهد که قانون موقت فقط تأثیر غیرمستقیمی در شکل گیری خانواده ، نگهداری و رفاه عمومی خواهد داشت و چنین تأثیراتی سودمند خواهد بود زیرا به وام گیرندگان در حفظ مالکیت املاک خود کمک می کند.,سازمان مسکن می گوید که قانون موقت فقط در صورت تقویت دستورالعمل های درآمد تأثیر غیر مستقیم بر خانواده ها خواهد گذاشت.,n
شما بچه ها را می شناسید,شما می توانید پیش بینی کنید که این بچه ها در آینده چه کاری می خواهند انجام دهند.,n
طنز این مجله غالباً به کلیشه های نژادپرستانه و جنسی گرایانه بستگی داشت ، مانند wide-grinned و سیاه پوست های هندوانه خور.,این مجله به این نوع طنز بستگی داشت.,n
پس من چی؟,منم همین طور؟,e
"آن ها از این ماده ی تزریقی یا هر چیزی که
است، استفاده می کنند. ",آن ها از تزریق کشنده استفاده می کنند.,e
امواج متعدد پاک‌سازی قومی نقشه‌های قومی و مذهبی این مناطق را تغییر داده‌است.,نخستین موج مدت کوتاهی پس از پایان جنگ جهانی اول به پایان رسید؛ دومین موج درست بعد از جنگ جهانی دوم به اوج خود رسید و پایان پذیرفت؛ و سومین موج پاک‌سازی قومی در پایان جنگ سرد اتفاق افتاد.,e
ويروس درماه اکتبرگذشته درترکيه کشف شد، اما به انسان ها سرايت نکرد.,این ویروس بر انسانها بی اثر است.,e
(برای اطلاعات بیشتر در مورد برنامه های عملکرد اجرایی ارشد BLM ، به برنامه مراجعه کنید.,برنامه های عملکرد BLM بصورت آنلاین قابل مشاهده است.,e
سن مالو یک بندر مهم ماهیگیری ، ترمینال کشتی و بندر قایق بادبانی است.,سنت مالو هنوز به عنوان بندر ماهیگیری از اهمیت خاصی شناخته می شود.,e
«تاکیرو فوجی موتو» از دانشگاه توکیو و و رییس نیسان می‌گوید: «داشتن استراتژیست درجه یک به‌عنوان مدیرارشد، باعث موفقیت ما در تولید هشت مدل جدید در سال ۲۰۰۳ شد.»,نیسان با هشت مدل جدید به‌سوی نمایشگاه ۲۰۰۳ پیش رفت.,e
پس از بازگشت قنبری بلافاصله مشخص نبود که اين ديدارها چه دستآوردهايی دربر داشت.,نتایج دیدارهای اخیر هنوز نامشخص است.,e
جدول 2: نمونه هایی از انتظارات رضایت مشتری BLM ، FHWA ، IRS و VBA برای عملکرد مدیران ارشد,مدیران ارشد برای رسیدن به انتظارات مطالعاتی در مورد جنبه های مختلف انجام داده اند.,e
و سکه های باستانی,و واقعا سکه های قدیمی,e
اما او دستورات خود را داشت: هیچ ارتباطی با این سه مسافرت نباید داشت، مگر اینکه ترس از حمله وجود داشته باشد.,وی دستور داشت تا با این سه مسافر ارتباطی برقرار نكند مگر آنكه از حمله بترسد.,e
شب نبرد عنوان یک مجموعه بازی ویدئویی مرتبط با ورزش بوکس که توسط ای‌ای اسپورتس ساخته شده‌است.,EA sports بازی‌های مربوط به ورزش می‌سازد,e
در این دوره پاسکال نوعی «دگرگونی اولیه» را تجربه کرد و طی سال پس از آن شروع به نوشتن دربارهٔ موضوعات دینی کرد.,"پاسکال، در دورۀ بعدی، نوعی ""دگرگونی اولیه"" را تجربه کرد و سال بعد در حیطۀ موضوعات دینی قلم زد. ",e
بله خوب من خوب هستم من به طور قطع از ان حمایت می کنم.,من قطعاً با آن موافقم.,e
به هیچ وجه نمی‌توان تصور کرد که تسهیلات مسکن تورم فزاینده‌ای ایجاد کند.,در اثر ارائه‌ی تسهیلات مسکن تورم فزاینده‌ای ایجاد نخواهد شد.,e
"کارکیا سید احمد بن علی
(حکومت: ۹۴۳–۹۷۵ و ۹۸۵–۱۰۰۰) به دستور
 شاه تهماسب مذهب اثنی عشری را جایگزین زیدیه کرد ولی
 وقتی شروع به توطئه با عثمانیان کرد
 و خواست برای حمله به قزوین
 به شیروان و لاهیجان سرباز
 بفرستند از چشم شاه افتاد.",توطئه با عثمانیان و فرستادن سرباز به شیروان و لاهیجان برای حمله به قزوین توسط کارکیا سید احمدبن علی، باعث شد از چشم شاه تهماسب بیفتد.,e
برای چندین دهه ، مادیرا به جای آن ،  به عنوان جزیره ی گردشگری دلپسند و حتی باستانی٬ گردشگران را به خود جلب کرده است.,مادیرا اخیراً تغییر زیادی کرده است.,c
ما به طور واضح و بی تردیدی، تهدید شدیم.,شرایط بسیار عادلانه بود و ما بیشتر از این نمی توانستیم درباره ی آن مطمئن باشیم.,c
منظورت این است که کاملا مانند یک غریبه است؟,منظورت این است که مثل بهترین دوست کودکی تو است؟,c
این الگوریتم یک نسخه تصادفی از الگوریتم جستجوی عمق-اول است. این الگوریتم که غالباً توسط پشته پیاده‌سازی می‌شود یکی از ساده‌ترین راه‌ها برای تولید یک هزارتو توسط رایانه است.,تولید هزارتو با این الگوریتم پیچیدگی های خاص خود را دارد.,c
ناشران تجارت ۵ درصد كتاب كمتر از سال گذشته به فروش رساندند.,نرخ فروش ناشر تجارت در مقایسه با سال گذشته در حال افزایش است.,c
اگر مشروب نخورید همانطور که می دانید شما قبلاً مشروب میخوردید، اکی٬ می روید بیرون و میخواهید میهمانی بگیرید و این کاری است که  من حدس می زنم هنگامی که جوان و احمق هستید انجام می دهید.,افراد بالغ هم زیاد می نوشند و میهمانی می گیرند.,c
--,--,c
این تعداد کمی از اختلافات مفصلی را به وجود آورد.,این شادی و گرما را به وجود آورد.,c
فروش کامپیوتری محصولاتی از قبیل کتاب، موزیک، و کامپیوتر به سرعت افزایش پیدا کردند,فروش تجهیزات الکترونیک روند نزولی یافته است.,c
بیمه‌نامه کل زندگی - سیاست هایی که فرد را در کل زندگی بیمه می‌کن و درآمد حاصل از آن (مبلغ صورت) فقط پس از فوت بیمه شدگان پرداخت می شود.,بیمه نامه‌های کل زندگی نوعی بیمه عمر است که فقط بیمه شده را تا زمان بازنشستگی از نیروی کار پوشش می دهد.,c
وی به زودی با نوشتن «تاریخچه جنبش حق رای زنان» با او همکاری کرد.,وی با او مخالفت کرد.,c
مطالعات موردی عمیق و گسترده در چندین حوضه آبخیز انجام شد و گزارش نهایی براساس تلفیق یافته های مطالعات موردی است - نمونه دیگری از ادغام یافته ها در مکان‌های مختلف (ایالات متحده,هیچ کس تاکنون زمان برای مطالعه مناطق آبریز نگذاشته است.,c
او یک زندگی توخالی را برای زندگی برتر مبادله کرده است ، و سعی کرده است همه پیچیدگی‌های آن را بفهمد و موقعیت‌های آن را بدست آورد.,او یک زندگی توخالی را انتخاب کرده است.,c
حمام‌های نشیمن در مدل‌های مختلفی ساخته می‌شوند اما مدل‌های متداول و پرکاربرد این تجهیز، قابلیت قرارگیری بر روی انواع توالت‌های فرنگی را دارا می‌باشند.,حمام های نشیمن تنوع زیادی ندارند. ,c
قرار بود حدود ۷ میلون نفر از فرانسوی‌ها تبعید شده و حداقل یک میلیون آلمانی به‌جای آن‌ها ساکن شوند.,"اما این طرح پس از عملیات ""بارباروسا""  متوقف شده و هرگز اجرا نشد.",c
اندکی پس از این رویداد، مأمون به سمت بلخ عازم شد و از رضا خواست تا به حرفش عمل کند و دربارهٔ بدن و سلامت آن بنویسد.,رضا به پند او گوش کرده و صفحاتی چند در مورد فقه و عرفان نوشت. ,c
